id,title,description,Price,image_link,availability,link
1,Basketball Care Package Stickers,"Turn your delivery into something extraordinary. Our care package sticker kits are printed on sticker paper, come ready to use and require no glue. Our kits are designed specifically for USPS Medium and Large flat rate boxes, but can be used on some UPS, FedEx and other shipping boxes.",9.99,https://cdn.shopify.com/s/files/1/0493/4146/4725/products/il_1588xN.2296818552_pues.jpg?v=1636942548,in stock,https://stickersforcarepackage.com/collections/sports/products/basketball-care-package-stickers
2,Football Care Package Stickers,"Turn your delivery into something extraordinary. Our care package sticker kits are printed on sticker paper, come ready to use and require no glue. Our kits are designed specifically for USPS Medium and Large flat rate boxes, but can be used on some UPS, FedEx and other shipping boxes.",9.99,https://cdn.shopify.com/s/files/1/0493/4146/4725/products/il_1588xN.2133305159_bs71.jpg?v=1636942254,in stock,https://stickersforcarepackage.com/collections/sports/products/football-care-package-stickers
3,Christmas Care Package Stickers- Snowman,"Turn your delivery into something extraordinary. Our care package sticker kits are printed on sticker paper, come ready to use and require no glue. Our kits are designed specifically for USPS Medium and Large flat rate boxes, but can be used on some UPS, FedEx and other shipping boxes.",9.99,https://cdn.shopify.com/s/files/1/0493/4146/4725/products/il_1588xN.3430948470_qnez.jpg?v=1636942316,in stock,https://stickersforcarepackage.com/collections/christmas-care-packages/products/christmas-care-package-stickers-snowman
4,Christmas Care Package Stickers- Stink Stank Stunk,"Turn your delivery into something extraordinary. Our care package sticker kits are printed on sticker paper, come ready to use and require no glue. Our kits are designed specifically for USPS Medium and Large flat rate boxes, but can be used on some UPS, FedEx and other shipping boxes.",9.99,https://cdn.shopify.com/s/files/1/0493/4146/4725/products/il_1588xN.3403095224_gm4f.jpg?v=1636942342,in stock,https://stickersforcarepackage.com/collections/christmas-care-packages/products/christmas-care-package-stickers-snowman
5,Thanksgiving Care Package Stickers- Thankful For You,"Turn your delivery into something extraordinary. Our care package sticker kits are printed on sticker paper, come ready to use and require no glue. Our kits are designed specifically for USPS Medium and Large flat rate boxes, but can be used on some UPS, FedEx and other shipping boxes.",9.99,https://cdn.shopify.com/s/files/1/0493/4146/4725/products/il_1588xN.3405168326_sucm.jpg?v=1636313754,in stock,https://stickersforcarepackage.com/collections/christmas-care-packages/products/christmas-care-package-stickers-snowman
6,Thanksgiving Care Package Stickers- Turkey,"Turn your delivery into something extraordinary. Our care package sticker kits are printed on sticker paper, come ready to use and require no glue. Our kits are designed specifically for USPS Medium and Large flat rate boxes, but can be used on some UPS, FedEx and other shipping boxes.",9.99,https://cdn.shopify.com/s/files/1/0493/4146/4725/products/il_1588xN.3439571127_48sz.jpg?v=1636313446,in stock,https://stickersforcarepackage.com/collections/thanksgiving-care-packages/products/copy-of-thanksgiving-care-package-stickers-turkey
7,Christmas Care Package Stickers- All I Want,"Turn your delivery into something extraordinary. Our care package sticker kits are printed on sticker paper, come ready to use and require no glue. Our kits are designed specifically for USPS Medium and Large flat rate boxes, but can be used on some UPS, FedEx and other shipping boxes.",9.99,https://cdn.shopify.com/s/files/1/0493/4146/4725/products/il_1588xN.3408015054_manf.jpg?v=1636321627,in stock,https://stickersforcarepackage.com/collections/christmas-care-packages/products/christmas-care-package-stickers-all-i-want
8,Christmas Care Package Stickers- Stockings,"Turn your delivery into something extraordinary. Our care package sticker kits are printed on sticker paper, come ready to use and require no glue. Our kits are designed specifically for USPS Medium and Large flat rate boxes, but can be used on some UPS, FedEx and other shipping boxes.",9.99,https://cdn.shopify.com/s/files/1/0493/4146/4725/products/il_1588xN.3461071413_7bok.jpg?v=1636321952,in stock,https://stickersforcarepackage.com/collections/christmas-care-packages/products/christmas-care-package-stickers-tree
9,Open When Letter Labels - Student,"Turn your delivery into something extraordinary. Our care package sticker kits are printed on sticker paper, come ready to use and require no glue. Our kits are designed specifically for USPS Medium and Large flat rate boxes, but can be used on some UPS, FedEx and other shipping boxes.",8.99,https://cdn.shopify.com/s/files/1/0493/4146/4725/products/il_1588xN.3244000632_jcqt.jpg?v=1628355849,in stock,https://stickersforcarepackage.com/collections/college/products/copy-of-open-when-letter-labels-student
10,Open When Letter Labels - Long Distance Relationship,"Turn your delivery into something extraordinary. Our care package sticker kits are printed on sticker paper, come ready to use and require no glue. Our kits are designed specifically for USPS Medium and Large flat rate boxes, but can be used on some UPS, FedEx and other shipping boxes.",8.99,https://cdn.shopify.com/s/files/1/0493/4146/4725/products/il_1588xN.2594021954_2o72.jpg?v=1628355372,in stock,https://stickersforcarepackage.com/collections/long-distance/products/open-when-letter-labels-long-distance-relationship
11,Father's Day Care Package Stickers - Best Dad,"Turn your delivery into something extraordinary. Our care package sticker kits are printed on sticker paper, come ready to use and require no glue. Our kits are designed specifically for USPS Medium and Large flat rate boxes, but can be used on some UPS, FedEx and other shipping boxes.",9.99,https://cdn.shopify.com/s/files/1/0493/4146/4725/products/il_1588xN.2277881618_sdit.jpg?v=1636325417,in stock,https://stickersforcarepackage.com/products/fathers-day-care-package-stickers-best-dad?_pos=2&_sid=192750be5&_ss=r
12,Father's Day Care Package Stickers - Rad Dad,"Turn your delivery into something extraordinary. Our care package sticker kits are printed on sticker paper, come ready to use and require no glue. Our kits are designed specifically for USPS Medium and Large flat rate boxes, but can be used on some UPS, FedEx and other shipping boxes.",9.99,https://cdn.shopify.com/s/files/1/0493/4146/4725/products/il_1588xN.2188278347_59ve.jpg?v=1636325891,in stock,https://stickersforcarepackage.com/products/fathers-day-care-package-stickers-rad-dad?_pos=1&_sid=192750be5&_ss=r
13,Patriotic Care Package Stickers - American Flag,"Turn your delivery into something extraordinary. Our care package sticker kits are printed on sticker paper, come ready to use and require no glue. Our kits are designed specifically for USPS Medium and Large flat rate boxes, but can be used on some UPS, FedEx and other shipping boxes.",9.99,https://cdn.shopify.com/s/files/1/0493/4146/4725/products/il_1588xN.2189157715_jya5.jpg?v=1636472625,in stock,https://stickersforcarepackage.com/collections/long-distance/products/long-distance-care-package-stickers-swole-mate
14,Birthday Care Package Stickers - Comic,"Turn your delivery into something extraordinary. Our care package sticker kits are printed on sticker paper, come ready to use and require no glue. Our kits are designed specifically for USPS Medium and Large flat rate boxes, but can be used on some UPS, FedEx and other shipping boxes.",9.99,https://cdn.shopify.com/s/files/1/0493/4146/4725/products/il_1588xN.2215174716_b0fy.jpg?v=1635465061,in stock,https://stickersforcarepackage.com/collections/birthday/products/birthday-care-package-stickers-comic
15,I Miss You Care Package Stickers - 10 Things,"Turn your delivery into something extraordinary. Our care package sticker kits are printed on sticker paper, come ready to use and require no glue. Our kits are designed specifically for USPS Medium and Large flat rate boxes, but can be used on some UPS, FedEx and other shipping boxes.",9.99,https://cdn.shopify.com/s/files/1/0493/4146/4725/products/il_1588xN.2072633938_eceo.jpg?v=1636404383,in stock,https://stickersforcarepackage.com/collections/long-distance/products/long-distance-care-package-stickers-swole-mate
16,Easter Care Package Stickers - Hoppy Easter,"Turn your delivery into something extraordinary. Our care package sticker kits are printed on sticker paper, come ready to use and require no glue. Our kits are designed specifically for USPS Medium and Large flat rate boxes, but can be used on some UPS, FedEx and other shipping boxes.",9.99,https://cdn.shopify.com/s/files/1/0493/4146/4725/products/il_1588xN.2759570253_a262.jpg?v=1636314286,in stock,https://stickersforcarepackage.com/collections/easter/products/easter-care-package-stickers-hoppy-easter
17,Easter Care Package Stickers - I Love You,"Turn your delivery into something extraordinary. Our care package sticker kits are printed on sticker paper, come ready to use and require no glue. Our kits are designed specifically for USPS Medium and Large flat rate boxes, but can be used on some UPS, FedEx and other shipping boxes.",9.99,https://cdn.shopify.com/s/files/1/0493/4146/4725/products/il_1588xN.2958018629_8vz5.jpg?v=1636314082,in stock,https://stickersforcarepackage.com/collections/easter/products/easter-care-package-stickers-i-love-you
18,Easter Care Package Stickers- I Miss You,"Turn your delivery into something extraordinary. Our care package sticker kits are printed on sticker paper, come ready to use and require no glue. Our kits are designed specifically for USPS Medium and Large flat rate boxes, but can be used on some UPS, FedEx and other shipping boxes.",9.99,https://cdn.shopify.com/s/files/1/0493/4146/4725/products/il_1588xN.2163155755_1rpn.jpg?v=1636313864,in stock,https://stickersforcarepackage.com/collections/easter/products/easter-care-package-stickers-i-miss-you
19,Easter Care Package Stickers,"Turn your delivery into something extraordinary. Our care package sticker kits are printed on sticker paper, come ready to use and require no glue. Our kits are designed specifically for USPS Medium and Large flat rate boxes, but can be used on some UPS, FedEx and other shipping boxes.",9.99,https://cdn.shopify.com/s/files/1/0493/4146/4725/products/il_1588xN.2230918473_3xw8.jpg?v=1636322138,in stock,https://stickersforcarepackage.com/collections/easter/products/easter-care-package-stickers
20,Medical School Care Package Stickers- Survival Kit,"Turn your delivery into something extraordinary. Our care package sticker kits are printed on sticker paper, come ready to use and require no glue. Our kits are designed specifically for USPS Medium and Large flat rate boxes, but can be used on some UPS, FedEx and other shipping boxes.",9.99,https://cdn.shopify.com/s/files/1/0493/4146/4725/products/il_1588xN.2077433440_pmm9.jpg?v=1636425027,in stock,https://stickersforcarepackage.com/collections/medical-school/products/medical-school-care-package-stickers
21,Law School Care Package Stickers,"Turn your delivery into something extraordinary. Our care package sticker kits are printed on sticker paper, come ready to use and require no glue. Our kits are designed specifically for USPS Medium and Large flat rate boxes, but can be used on some UPS, FedEx and other shipping boxes.",9.99,https://cdn.shopify.com/s/files/1/0493/4146/4725/products/il_1588xN.2083231916_odn5.jpg?v=1636331700,in stock,https://stickersforcarepackage.com/collections/law-school/products/law-school-care-package-stickers
22,Law School Care Package Stickers - Books,"Turn your delivery into something extraordinary. Our care package sticker kits are printed on sticker paper, come ready to use and require no glue. Our kits are designed specifically for USPS Medium and Large flat rate boxes, but can be used on some UPS, FedEx and other shipping boxes.",9.99,https://cdn.shopify.com/s/files/1/0493/4146/4725/products/il_1588xN.2450011778_d5ku.jpg?v=1636315203,in stock,https://stickersforcarepackage.com/collections/law-school/products/law-school-care-package-stickers-books
23,Anniversary Care Package Stickers - Hearts,"Turn your delivery into something extraordinary. Our care package sticker kits are printed on sticker paper, come ready to use and require no glue. Our kits are designed specifically for USPS Medium and Large flat rate boxes, but can be used on some UPS, FedEx and other shipping boxes.",9.99,https://cdn.shopify.com/s/files/1/0493/4146/4725/products/il_1588xN.2077383876_e08q.jpg?v=1636321018,in stock,https://stickersforcarepackage.com/collections/long-distance/products/long-distance-care-package-stickers-swole-mate
24,"Long Distance Relationship Care Package Stickers - Sun, Moon & Stars","Turn your delivery into something extraordinary. Our care package sticker kits are printed on sticker paper, come ready to use and require no glue. Our kits are designed specifically for USPS Medium and Large flat rate boxes, but can be used on some UPS, FedEx and other shipping boxes.",9.99,https://cdn.shopify.com/s/files/1/0493/4146/4725/products/il_1588xN.2130639457_7tmy.jpg?v=1636424505,in stock,https://stickersforcarepackage.com/collections/long-distance/products/long-distance-care-package-stickers-sun-moon-stars
25,Long Distance Care Package Stickers - Distance Means Little,"Turn your delivery into something extraordinary. Our care package sticker kits are printed on sticker paper, come ready to use and require no glue. Our kits are designed specifically for USPS Medium and Large flat rate boxes, but can be used on some UPS, FedEx and other shipping boxes.",9.99,https://cdn.shopify.com/s/files/1/0493/4146/4725/products/il_1588xN.2076575910_ori7.jpg?v=1636425629,in stock,https://stickersforcarepackage.com/collections/long-distance/products/long-distance-care-package-stickers-1
26,Fitness Care Package Stickers - Swole Mate,"Turn your delivery into something extraordinary. Our care package sticker kits are printed on sticker paper, come ready to use and require no glue. Our kits are designed specifically for USPS Medium and Large flat rate boxes, but can be used on some UPS, FedEx and other shipping boxes.",9.99,https://cdn.shopify.com/s/files/1/0493/4146/4725/products/il_1588xN.2126245459_oie6.jpg?v=1636424801,in stock,https://stickersforcarepackage.com/collections/long-distance/products/long-distance-care-package-stickers-swole-mate
27,College Finals Care Package Stickers - You Got This,"Turn your delivery into something extraordinary. Our care package sticker kits are printed on sticker paper, come ready to use and require no glue. Our kits are designed specifically for USPS Medium and Large flat rate boxes, but can be used on some UPS, FedEx and other shipping boxes.",9.99,https://cdn.shopify.com/s/files/1/0493/4146/4725/products/il_1588xN.2073694440_pexd.jpg?v=1636320510,in stock,https://stickersforcarepackage.com/collections/college/products/college-care-package-stickers-paper
28,Finals Care Package Stickers - Exam,"Turn your delivery into something extraordinary. Our care package sticker kits are printed on sticker paper, come ready to use and require no glue. Our kits are designed specifically for USPS Medium and Large flat rate boxes, but can be used on some UPS, FedEx and other shipping boxes.",9.99,https://cdn.shopify.com/s/files/1/0493/4146/4725/products/il_1588xN.2159309138_91zi.jpg?v=1636315672,in stock,https://stickersforcarepackage.com/collections/college/products/college-care-package-stickers-exam-brown
29,Graduation Care Package Stickers - 2021,"Turn your delivery into something extraordinary. Our care package sticker kits are printed on sticker paper, come ready to use and require no glue. Our kits are designed specifically for USPS Medium and Large flat rate boxes, but can be used on some UPS, FedEx and other shipping boxes.",9.99,https://cdn.shopify.com/s/files/1/0493/4146/4725/products/il_1588xN.2759614170_n87o.jpg?v=1636328034,in stock,https://stickersforcarepackage.com/collections/long-distance/products/long-distance-care-package-stickers-swole-mate
30,Movie Night Care Package Stickers,"Turn your delivery into something extraordinary. Our care package sticker kits are printed on sticker paper, come ready to use and require no glue. Our kits are designed specifically for USPS Medium and Large flat rate boxes, but can be used on some UPS, FedEx and other shipping boxes.",9.99,https://cdn.shopify.com/s/files/1/0493/4146/4725/products/movie.png?v=1636331303,in stock,https://stickersforcarepackage.com/collections/long-distance/products/long-distance-care-package-stickers-swole-mate
31,College Exam Care Package Stickers,"Turn your delivery into something extraordinary. Our care package sticker kits are printed on sticker paper, come ready to use and require no glue. Our kits are designed specifically for USPS Medium and Large flat rate boxes, but can be used on some UPS, FedEx and other shipping boxes.",9.99,https://cdn.shopify.com/s/files/1/0493/4146/4725/products/il_1588xN.2121287243_aq5o.jpg?v=1636320729,in stock,https://stickersforcarepackage.com/collections/college/products/college-birthday-care-package-stickers-exam-kit
32,College Care Package Stickers,"Turn your delivery into something extraordinary. Our care package sticker kits are printed on sticker paper, come ready to use and require no glue. Our kits are designed specifically for USPS Medium and Large flat rate boxes, but can be used on some UPS, FedEx and other shipping boxes.",9.99,https://cdn.shopify.com/s/files/1/0493/4146/4725/products/il_1588xN.2124347349_nig2.jpg?v=1636322074,in stock,https://stickersforcarepackage.com/collections/college/products/college-birthday-care-package-stickers
33,College Care Package Stickers - Medical,"Turn your delivery into something extraordinary. Our care package sticker kits are printed on sticker paper, come ready to use and require no glue. Our kits are designed specifically for USPS Medium and Large flat rate boxes, but can be used on some UPS, FedEx and other shipping boxes.",9.99,https://cdn.shopify.com/s/files/1/0493/4146/4725/products/il_1588xN.2077397566_gl2r.jpg?v=1636315420,in stock,https://stickersforcarepackage.com/collections/college/products/college-care-package-stickers-medical
34,Long Distance Care Package Stickers - There for You,"Turn your delivery into something extraordinary. Our care package sticker kits are printed on sticker paper, come ready to use and require no glue. Our kits are designed specifically for USPS Medium and Large flat rate boxes, but can be used on some UPS, FedEx and other shipping boxes.",9.99,https://cdn.shopify.com/s/files/1/0493/4146/4725/products/il_1588xN.2124028137_pwl6.jpg?v=1636426585,in stock,https://stickersforcarepackage.com/collections/long-distance/products/copy-of-long-distance-care-package-stickers-there-for-you
35,Care Package Stickers - Sunshine,"Turn your delivery into something extraordinary. Our care package sticker kits are printed on sticker paper, come ready to use and require no glue. Our kits are designed specifically for USPS Medium and Large flat rate boxes, but can be used on some UPS, FedEx and other shipping boxes.",9.99,https://cdn.shopify.com/s/files/1/0493/4146/4725/products/il_1588xN.2180445724_tr7b.jpg?v=1636404133,in stock,https://stickersforcarepackage.com/collections/long-distance/products/long-distance-care-package-stickers-out-of-the-blue
36,Long Distance Care Package Stickers - World Map,"Turn your delivery into something extraordinary. Our care package sticker kits are printed on sticker paper, come ready to use and require no glue. Our kits are designed specifically for USPS Medium and Large flat rate boxes, but can be used on some UPS, FedEx and other shipping boxes.",9.99,https://cdn.shopify.com/s/files/1/0493/4146/4725/products/il_1588xN.2122820649_361u.jpg?v=1636425456,in stock,https://stickersforcarepackage.com/collections/long-distance/products/long-distance-care-package-stickers-world-map-1
37,Long-Distance Care Package Stickers - All The Stars,"Turn your delivery into something extraordinary. Our care package sticker kits are printed on sticker paper, come ready to use and require no glue. Our kits are designed specifically for USPS Medium and Large flat rate boxes, but can be used on some UPS, FedEx and other shipping boxes.",9.99,https://cdn.shopify.com/s/files/1/0493/4146/4725/products/il_1588xN.2130555805_k2gq.jpg?v=1636328270,in stock,https://stickersforcarepackage.com/collections/long-distance/products/long-distance-care-package-stickers
38,Long-Distance Relationship Care Package Stickers - Jerkin,"Turn your delivery into something extraordinary. Our care package sticker kits are printed on sticker paper, come ready to use and require no glue. Our kits are designed specifically for USPS Medium and Large flat rate boxes, but can be used on some UPS, FedEx and other shipping boxes.",9.99,https://cdn.shopify.com/s/files/1/0493/4146/4725/products/il_1588xN.2090901398_pugn.jpg?v=1636403397,in stock,https://stickersforcarepackage.com/collections/long-distance/products/long-distance-care-package-stickers-jerkin
39,Long Distance Realationship Care Package Stickers - Kiss You,"Turn your delivery into something extraordinary. Our care package sticker kits are printed on sticker paper, come ready to use and require no glue. Our kits are designed specifically for USPS Medium and Large flat rate boxes, but can be used on some UPS, FedEx and other shipping boxes.",9.99,https://cdn.shopify.com/s/files/1/0493/4146/4725/products/il_1588xN.2490454237_chz9.jpg?v=1636314479,in stock,https://stickersforcarepackage.com/collections/long-distance/products/long-distance-care-package-stickers-world-map
40,Long Distance Care Package Stickers - US Map,"Turn your delivery into something extraordinary. Our care package sticker kits are printed on sticker paper, come ready to use and require no glue. Our kits are designed specifically for USPS Medium and Large flat rate boxes, but can be used on some UPS, FedEx and other shipping boxes.",9.99,https://cdn.shopify.com/s/files/1/0493/4146/4725/products/il_1588xN.2072522016_e7op.jpg?v=1636425981,in stock,https://stickersforcarepackage.com/collections/long-distance/products/long-distance-care-package-stickers-us-map
41,Birthday Care Package Stickers - Pink,"Turn your delivery into something extraordinary. Our care package sticker kits are printed on sticker paper, come ready to use and require no glue. Our kits are designed specifically for USPS Medium and Large flat rate boxes, but can be used on some UPS, FedEx and other shipping boxes.",9.99,https://cdn.shopify.com/s/files/1/0493/4146/4725/products/il_1588xN.3473678241_ssyl.jpg?v=1636321669,in stock,https://stickersforcarepackage.com/collections/birthday/products/birthday-care-package-stickers-2
42,Birthday Care Package Stickers - Party Hat,"Turn your delivery into something extraordinary. Our care package sticker kits are printed on sticker paper, come ready to use and require no glue. Our kits are designed specifically for USPS Medium and Large flat rate boxes, but can be used on some UPS, FedEx and other shipping boxes.",9.99,https://cdn.shopify.com/s/files/1/0493/4146/4725/products/il_1588xN.2215194484_thch.jpg?v=1635465537,in stock,https://stickersforcarepackage.com/collections/birthday/products/birthday-care-package-stickers-1
43,Birthday Care Package Stickers - Blue,"Turn your delivery into something extraordinary. Our care package sticker kits are printed on sticker paper, come ready to use and require no glue. Our kits are designed specifically for USPS Medium and Large flat rate boxes, but can be used on some UPS, FedEx and other shipping boxes.",9.99,https://cdn.shopify.com/s/files/1/0493/4146/4725/products/il_1588xN.3464866301_hinn.jpg?v=1636321503,in stock,https://stickersforcarepackage.com/collections/birthday/products/birthday-care-package-stickers
44,21st Birthday Care Package Stickers - Finally,"Turn your delivery into something extraordinary. Our care package sticker kits are printed on sticker paper, come ready to use and require no glue. Our kits are designed specifically for USPS Medium and Large flat rate boxes, but can be used on some UPS, FedEx and other shipping boxes.",9.99,https://cdn.shopify.com/s/files/1/0493/4146/4725/products/il_1588xN.2260942654_q2gi.jpg?v=1636320970,in stock,https://stickersforcarepackage.com/collections/birthday/products/21st-birthday-care-package-stickers-1
45,21st Birthday Care Package Stickers,"Turn your delivery into something extraordinary. Our care package sticker kits are printed on sticker paper, come ready to use and require no glue. Our kits are designed specifically for USPS Medium and Large flat rate boxes, but can be used on some UPS, FedEx and other shipping boxes.",9.99,https://cdn.shopify.com/s/files/1/0493/4146/4725/products/il_1588xN.3465203063_d0ij.jpg?v=1636320933,in stock,https://stickersforcarepackage.com/collections/birthday/products/21st-birthday-care-package-stickers
46,21st Birthday Care Package Stickers - Pink,"Turn your delivery into something extraordinary. Our care package sticker kits are printed on sticker paper, come ready to use and require no glue. Our kits are designed specifically for USPS Medium and Large flat rate boxes, but can be used on some UPS, FedEx and other shipping boxes.",9.99,https://cdn.shopify.com/s/files/1/0493/4146/4725/products/il_1588xN.3464849897_jcbh.jpg?v=1636320908,in stock,https://stickersforcarepackage.com/collections/birthday/products/valentines-day-care-package-stickers-8
47,Valentine's Day Care Package Stickers- Kiss,"Turn your delivery into something extraordinary. Our care package sticker kits are printed on sticker paper, come ready to use and require no glue. Our kits are designed specifically for USPS Medium and Large flat rate boxes, but can be used on some UPS, FedEx and other shipping boxes.",9.99,https://cdn.shopify.com/s/files/1/0493/4146/4725/products/val.png?v=1636511723,in stock,https://stickersforcarepackage.com/collections/valentines-day-care-packages/products/valentines-day-care-package-stickers-7
48,Valentine's Day Care Package Stickers- Pink & Grey,"Turn your delivery into something extraordinary. Our care package sticker kits are printed on sticker paper, come ready to use and require no glue. Our kits are designed specifically for USPS Medium and Large flat rate boxes, but can be used on some UPS, FedEx and other shipping boxes.",9.99,https://cdn.shopify.com/s/files/1/0493/4146/4725/products/valentines.png?v=1636511263,in stock,https://stickersforcarepackage.com/collections/valentines-day-care-packages/products/valentines-day-care-package-stickers-6
49,Valentine's Day Care Package Stickers- Stripe,"Turn your delivery into something extraordinary. Our care package sticker kits are printed on sticker paper, come ready to use and require no glue. Our kits are designed specifically for USPS Medium and Large flat rate boxes, but can be used on some UPS, FedEx and other shipping boxes.",9.99,https://cdn.shopify.com/s/files/1/0493/4146/4725/products/il_1588xN.2139467816_tj26.jpg?v=1636511427,in stock,https://stickersforcarepackage.com/collections/valentines-day-care-packages/products/valentines-day-care-package-stickers-5
50,I Love You Care Package Stickers- XOXO,"Turn your delivery into something extraordinary. Our care package sticker kits are printed on sticker paper, come ready to use and require no glue. Our kits are designed specifically for USPS Medium and Large flat rate boxes, but can be used on some UPS, FedEx and other shipping boxes.",9.99,https://cdn.shopify.com/s/files/1/0493/4146/4725/products/il_1588xN.2124344611_rxi8.jpg?v=1636426841,in stock,https://stickersforcarepackage.com/collections/valentines-day-care-packages/products/valentines-day-care-package-stickers-4
51,Valentine's Day Care Package Stickers- Love You,"Turn your delivery into something extraordinary. Our care package sticker kits are printed on sticker paper, come ready to use and require no glue. Our kits are designed specifically for USPS Medium and Large flat rate boxes, but can be used on some UPS, FedEx and other shipping boxes.",9.99,https://cdn.shopify.com/s/files/1/0493/4146/4725/products/il_1588xN.2102337632_5lti.jpg?v=1636473521,in stock,https://stickersforcarepackage.com/collections/valentines-day-care-packages/products/valentines-day-care-package-stickers-3
52,Valentine's Day Care Package Stickers- Gold,"Turn your delivery into something extraordinary. Our care package sticker kits are printed on sticker paper, come ready to use and require no glue. Our kits are designed specifically for USPS Medium and Large flat rate boxes, but can be used on some UPS, FedEx and other shipping boxes.",9.99,https://cdn.shopify.com/s/files/1/0493/4146/4725/products/il_1588xN.2078455634_8uu7.jpg?v=1636472847,in stock,https://stickersforcarepackage.com/collections/valentines-day-care-packages/products/valentines-day-care-package-stickers-2
53,Valentine's Day Care Package Stickers- You and Me,"Turn your delivery into something extraordinary. Our care package sticker kits are printed on sticker paper, come ready to use and require no glue. Our kits are designed specifically for USPS Medium and Large flat rate boxes, but can be used on some UPS, FedEx and other shipping boxes.",9.99,https://cdn.shopify.com/s/files/1/0493/4146/4725/products/il_1588xN.2140410173_f7m3.jpg?v=1636427530,in stock,https://stickersforcarepackage.com/collections/valentines-day-care-packages/products/valentines-day-care-package-stickers-1
54,Care Package Stickers- Love You,"Turn your delivery into something extraordinary. Our care package sticker kits are printed on sticker paper, come ready to use and require no glue. Our kits are designed specifically for USPS Medium and Large flat rate boxes, but can be used on some UPS, FedEx and other shipping boxes.",9.99,https://cdn.shopify.com/s/files/1/0493/4146/4725/products/heart.png?v=1636510416,in stock,https://stickersforcarepackage.com/collections/valentines-day-care-packages/products/valentines-day-care-package-stickers
55,Christmas Care Package Stickers- Snow Much,"Turn your delivery into something extraordinary. Our care package sticker kits are printed on sticker paper, come ready to use and require no glue. Our kits are designed specifically for USPS Medium and Large flat rate boxes, but can be used on some UPS, FedEx and other shipping boxes.",9.99,https://cdn.shopify.com/s/files/1/0493/4146/4725/products/il_1588xN.2076097662_t89v.jpg?v=1636228396,in stock,https://stickersforcarepackage.com/collections/christmas-care-packages/products/christmas-care-package-stickers-snow-much
56,Christmas Care Package Stickers- New Year 2022,"Turn your delivery into something extraordinary. Our care package sticker kits are printed on sticker paper, come ready to use and require no glue. Our kits are designed specifically for USPS Medium and Large flat rate boxes, but can be used on some UPS, FedEx and other shipping boxes.",9.99,https://cdn.shopify.com/s/files/1/0493/4146/4725/products/il_1588xN.3429123455_7jkm.jpg?v=1636321909,in stock,https://stickersforcarepackage.com/collections/christmas-care-packages/products/christmas-care-package-stickers-6
57,Christmas Care Package Stickers- Santa,"Turn your delivery into something extraordinary. Our care package sticker kits are printed on sticker paper, come ready to use and require no glue. Our kits are designed specifically for USPS Medium and Large flat rate boxes, but can be used on some UPS, FedEx and other shipping boxes.",9.99,https://cdn.shopify.com/s/files/1/0493/4146/4725/products/il_1588xN.2590193223_n9id.jpg?v=1636228061,in stock,https://stickersforcarepackage.com/collections/christmas-care-packages/products/christmas-care-package-stickers-5
58,Christmas Care Package Stickers- Green Plaid,"Turn your delivery into something extraordinary. Our care package sticker kits are printed on sticker paper, come ready to use and require no glue. Our kits are designed specifically for USPS Medium and Large flat rate boxes, but can be used on some UPS, FedEx and other shipping boxes.",9.99,https://cdn.shopify.com/s/files/1/0493/4146/4725/products/il_1588xN.3381749688_dq5p.jpg?v=1636321851,in stock,https://stickersforcarepackage.com/collections/christmas-care-packages/products/christmas-care-package-stickers-green-plaid
59,Christmas Care Package Stickers- Plaid,"Turn your delivery into something extraordinary. Our care package sticker kits are printed on sticker paper, come ready to use and require no glue. Our kits are designed specifically for USPS Medium and Large flat rate boxes, but can be used on some UPS, FedEx and other shipping boxes.",9.99,https://cdn.shopify.com/s/files/1/0493/4146/4725/products/il_1588xN.2122783773_shnw.jpg?v=1636227364,in stock,https://stickersforcarepackage.com/collections/christmas-care-packages/products/christmas-care-package-stickers-2
60,Winter Care Package Stickers- Miss You,"Turn your delivery into something extraordinary. Our care package sticker kits are printed on sticker paper, come ready to use and require no glue. Our kits are designed specifically for USPS Medium and Large flat rate boxes, but can be used on some UPS, FedEx and other shipping boxes.",9.99,https://cdn.shopify.com/s/files/1/0493/4146/4725/products/snow.jpg?v=1635474692,in stock,https://stickersforcarepackage.com/collections/christmas-care-packages/products/christmas-care-package-stickers
61,Christmas Care Package Stickers- All I Want Pink,"Turn your delivery into something extraordinary. Our care package sticker kits are printed on sticker paper, come ready to use and require no glue. Our kits are designed specifically for USPS Medium and Large flat rate boxes, but can be used on some UPS, FedEx and other shipping boxes.",9.99,https://cdn.shopify.com/s/files/1/0493/4146/4725/products/il_1588xN.2142585159_qf8e.jpg?v=1636321707,in stock,https://stickersforcarepackage.com/collections/christmas-care-packages/products/christmas-care-package-stickers-all-i-want-red
62,Christmas Care Package Stickers- Stole Christmas,"Turn your delivery into something extraordinary. Our care package sticker kits are printed on sticker paper, come ready to use and require no glue. Our kits are designed specifically for USPS Medium and Large flat rate boxes, but can be used on some UPS, FedEx and other shipping boxes.",9.99,https://cdn.shopify.com/s/files/1/0493/4146/4725/products/il_1588xN.3391350622_hvwb.jpg?v=1636322036,in stock,https://stickersforcarepackage.com/collections/christmas-care-packages/products/christmas-care-package-stickers-grinch
63,Thanksgiving Care Package Stickers- Happy Thanksgiving,"Turn your delivery into something extraordinary. Our care package sticker kits are printed on sticker paper, come ready to use and require no glue. Our kits are designed specifically for USPS Medium and Large flat rate boxes, but can be used on some UPS, FedEx and other shipping boxes.",9.99,https://cdn.shopify.com/s/files/1/0493/4146/4725/products/THAKSGIVING.jpg?v=1636312968,in stock,https://stickersforcarepackage.com/collections/thanksgiving-care-packages/products/thanksgiving-care-package-stickers-1
64,Thanksgiving Care Package Stickers- Gobble Gobble,"Turn your delivery into something extraordinary. Our care package sticker kits are printed on sticker paper, come ready to use and require no glue. Our kits are designed specifically for USPS Medium and Large flat rate boxes, but can be used on some UPS, FedEx and other shipping boxes.",9.99,https://cdn.shopify.com/s/files/1/0493/4146/4725/products/il_1588xN.3469582335_c0sc.jpg?v=1636230274,in stock,https://stickersforcarepackage.com/collections/thanksgiving-care-packages/products/thanksgiving-care-package-stickers-gobble-gobble
65,Thanksgiving Care Package Stickers- Thankful,"Turn your delivery into something extraordinary. Our care package sticker kits are printed on sticker paper, come ready to use and require no glue. Our kits are designed specifically for USPS Medium and Large flat rate boxes, but can be used on some UPS, FedEx and other shipping boxes.",9.99,https://cdn.shopify.com/s/files/1/0493/4146/4725/products/il_1588xN.2072449560_dw1k.jpg?v=1636311879,in stock,https://stickersforcarepackage.com/collections/thanksgiving-care-packages/products/thanksgiving-care-package-stickers
66,Halloween Care Package Stickers- I Miss You,"Turn your delivery into something extraordinary. Our care package sticker kits are printed on sticker paper, come ready to use and require no glue. Our kits are designed specifically for USPS Medium and Large flat rate boxes, but can be used on some UPS, FedEx and other shipping boxes.",9.99,https://cdn.shopify.com/s/files/1/0493/4146/4725/products/il_1588xN.2358862838_n3ji.jpg?v=1636331525,in stock,https://stickersforcarepackage.com/collections/halloween-care-packages/products/halloween-care-package-stickers-scary
67,Halloween Care Package Stickers - Corny Baby,"Turn your delivery into something extraordinary. Our care package sticker kits are printed on sticker paper, come ready to use and require no glue. Our kits are designed specifically for USPS Medium and Large flat rate boxes, but can be used on some UPS, FedEx and other shipping boxes.",9.99,https://cdn.shopify.com/s/files/1/0493/4146/4725/products/il_1588xN.2524640201_863c.jpg?v=1636403958,in stock,https://stickersforcarepackage.com/collections/halloween-care-packages/products/copy-of-halloween-care-package-stickers-1
68,Halloween Care Package Stickers - I Miss You Boo,"Turn your delivery into something extraordinary. Our care package sticker kits are printed on sticker paper, come ready to use and require no glue. Our kits are designed specifically for USPS Medium and Large flat rate boxes, but can be used on some UPS, FedEx and other shipping boxes.",9.99,https://cdn.shopify.com/s/files/1/0493/4146/4725/products/il_1588xN.2358847702_qp0c.jpg?v=1636330215,in stock,https://stickersforcarepackage.com/collections/halloween-care-packages/products/halloween-care-package-stickers-3
69,Halloween Care Package Stickers - Pumpkins,"Turn your delivery into something extraordinary. Our care package sticker kits are printed on sticker paper, come ready to use and require no glue. Our kits are designed specifically for USPS Medium and Large flat rate boxes, but can be used on some UPS, FedEx and other shipping boxes.",9.99,https://cdn.shopify.com/s/files/1/0493/4146/4725/products/il_1588xN.2423201592_entv.jpg?v=1636330292,in stock,https://stickersforcarepackage.com/collections/halloween-care-packages/products/halloween-care-package-stickers-1
70,Halloween Care Package Stickers - Bats,"Turn your delivery into something extraordinary. Our care package sticker kits are printed on sticker paper, come ready to use and require no glue. Our kits are designed specifically for USPS Medium and Large flat rate boxes, but can be used on some UPS, FedEx and other shipping boxes.",9.99,https://cdn.shopify.com/s/files/1/0493/4146/4725/products/haalloween.png?v=1636329153,in stock,https://stickersforcarepackage.com/collections/halloween-care-packages/products/halloween-care-package-stickers
71,Halloween Deployment Care Package Stickers - Boo,"Turn your delivery into something extraordinary. Our care package sticker kits are printed on sticker paper, come ready to use and require no glue. Our kits are designed specifically for USPS Medium and Large flat rate boxes, but can be used on some UPS, FedEx and other shipping boxes.",9.99,https://cdn.shopify.com/s/files/1/0493/4146/4725/products/82fd9fc3-5723-4fb5-b01c-37eb281c33f0.jpg?v=1636403191,in stock,https://stickersforcarepackage.com/collections/halloween-care-packages/products/halloween-deployment-care-package-flap-stickers-boo-sheet